{
  "accuracy": 0.989086859688196,
  "roc_auc": 0.9992868456297908,
  "pr_auc": 0.9993410723751174
}